experiment,server,pp,metric,source,mean,sd,median,n
qwen3.5-0.8b-all-servers,llama-cpp,1024,pp,client,7143.273,287.449,7224.803,20
qwen3.5-0.8b-all-servers,llama-cpp,2048,pp,client,7621.377,178.547,7652.776,20
qwen3.5-0.8b-all-servers,llama-cpp,4096,pp,client,7531.047,139.963,7548.713,20
qwen3.5-0.8b-all-servers,llama-cpp,8192,pp,client,7127.466,36.965,7135.885,20
qwen3.5-0.8b-all-servers,llamafile,1024,pp,client,7342.763,38.333,7343.969,20
qwen3.5-0.8b-all-servers,llamafile,2048,pp,client,7687.226,17.240,7687.964,20
qwen3.5-0.8b-all-servers,llamafile,4096,pp,client,7641.530,19.830,7644.525,20
qwen3.5-0.8b-all-servers,llamafile,8192,pp,client,7132.343,8.821,7132.390,20
qwen3.5-0.8b-all-servers,lm-studio,1024,pp,client,5849.306,153.315,5869.930,20
qwen3.5-0.8b-all-servers,lm-studio,2048,pp,client,6685.456,106.625,6668.267,20
qwen3.5-0.8b-all-servers,lm-studio,4096,pp,client,7045.881,76.370,7034.308,20
qwen3.5-0.8b-all-servers,lm-studio,8192,pp,client,6816.660,38.214,6813.020,20
qwen3.5-0.8b-all-servers,ollama,1024,pp,client,7171.239,144.800,7244.262,20
qwen3.5-0.8b-all-servers,ollama,2048,pp,client,7695.786,47.466,7703.313,20
qwen3.5-0.8b-all-servers,ollama,4096,pp,client,7757.676,37.265,7756.278,20
qwen3.5-0.8b-all-servers,ollama,8192,pp,client,7276.823,18.072,7277.838,20
qwen3.5-0.8b-all-servers,llama-cpp,1024,tg,client,233.624,12.053,229.585,10
qwen3.5-0.8b-all-servers,llama-cpp,2048,tg,client,251.974,9.934,252.263,10
qwen3.5-0.8b-all-servers,llama-cpp,4096,tg,client,237.079,12.443,244.032,10
qwen3.5-0.8b-all-servers,llama-cpp,8192,tg,client,235.415,9.905,239.050,10
qwen3.5-0.8b-all-servers,llamafile,1024,tg,client,242.309,1.974,241.849,10
qwen3.5-0.8b-all-servers,llamafile,2048,tg,client,239.410,2.743,239.209,10
qwen3.5-0.8b-all-servers,llamafile,4096,tg,client,235.377,0.956,235.528,10
qwen3.5-0.8b-all-servers,llamafile,8192,tg,client,226.779,2.034,226.420,10
qwen3.5-0.8b-all-servers,lm-studio,1024,tg,server,227.857,1.471,228.010,10
qwen3.5-0.8b-all-servers,lm-studio,2048,tg,server,226.449,1.875,226.560,10
qwen3.5-0.8b-all-servers,lm-studio,4096,tg,server,223.616,2.279,223.450,10
qwen3.5-0.8b-all-servers,lm-studio,8192,tg,server,214.573,1.455,214.470,10
qwen3.5-0.8b-all-servers,ollama,1024,tg,client,219.522,12.903,222.204,10
qwen3.5-0.8b-all-servers,ollama,2048,tg,client,228.101,8.541,230.474,10
qwen3.5-0.8b-all-servers,ollama,4096,tg,client,227.698,6.131,227.925,10
qwen3.5-0.8b-all-servers,ollama,8192,tg,client,215.925,7.643,220.779,10
qwen3.5-9b-all-servers,llama-cpp,1024,pp,client,777.932,3.317,778.125,20
qwen3.5-9b-all-servers,llama-cpp,2048,pp,client,805.286,1.247,805.325,20
qwen3.5-9b-all-servers,llama-cpp,4096,pp,client,811.721,0.958,811.740,20
qwen3.5-9b-all-servers,llama-cpp,8192,pp,client,800.712,0.360,800.699,20
qwen3.5-9b-all-servers,llamafile,1024,pp,client,781.978,2.307,782.016,20
qwen3.5-9b-all-servers,llamafile,2048,pp,client,807.037,1.424,807.002,20
qwen3.5-9b-all-servers,llamafile,4096,pp,client,813.007,0.794,813.022,20
qwen3.5-9b-all-servers,llamafile,8192,pp,client,801.197,0.431,801.248,20
qwen3.5-9b-all-servers,lm-studio,1024,pp,client,728.282,2.987,728.572,20
qwen3.5-9b-all-servers,lm-studio,2048,pp,client,777.229,2.522,776.967,20
qwen3.5-9b-all-servers,lm-studio,4096,pp,client,797.706,1.347,798.028,20
qwen3.5-9b-all-servers,lm-studio,8192,pp,client,792.965,0.753,792.944,20
qwen3.5-9b-all-servers,ollama,1024,pp,client,777.496,0.595,777.532,20
qwen3.5-9b-all-servers,ollama,2048,pp,client,807.342,0.528,807.405,20
qwen3.5-9b-all-servers,ollama,4096,pp,client,815.600,0.402,815.624,20
qwen3.5-9b-all-servers,ollama,8192,pp,client,805.208,0.240,805.195,20
qwen3.5-9b-all-servers,llama-cpp,1024,tg,client,67.252,0.157,67.247,10
qwen3.5-9b-all-servers,llama-cpp,2048,tg,client,67.122,0.232,67.151,10
qwen3.5-9b-all-servers,llama-cpp,4096,tg,client,65.818,0.347,65.906,10
qwen3.5-9b-all-servers,llama-cpp,8192,tg,client,64.652,0.191,64.684,10
qwen3.5-9b-all-servers,llamafile,1024,tg,client,66.642,0.145,66.623,10
qwen3.5-9b-all-servers,llamafile,2048,tg,client,66.385,0.106,66.364,10
qwen3.5-9b-all-servers,llamafile,4096,tg,client,65.312,0.076,65.300,10
qwen3.5-9b-all-servers,llamafile,8192,tg,client,64.051,0.125,64.048,10
qwen3.5-9b-all-servers,lm-studio,1024,tg,server,66.105,0.173,66.115,10
qwen3.5-9b-all-servers,lm-studio,2048,tg,server,65.981,0.141,65.985,10
qwen3.5-9b-all-servers,lm-studio,4096,tg,server,65.125,0.135,65.130,10
qwen3.5-9b-all-servers,lm-studio,8192,tg,server,63.836,0.152,63.810,10
qwen3.5-9b-all-servers,ollama,1024,tg,client,65.133,0.489,65.146,10
qwen3.5-9b-all-servers,ollama,2048,tg,client,64.933,0.261,64.952,10
qwen3.5-9b-all-servers,ollama,4096,tg,client,64.064,0.419,64.070,10
qwen3.5-9b-all-servers,ollama,8192,tg,client,62.615,0.334,62.584,10
qwen3.8-27b-mtp,llama-cpp-mtp,1024,pp,client,219.173,0.573,219.147,20
qwen3.8-27b-mtp,llama-cpp-mtp,2048,pp,client,228.292,0.405,228.193,20
qwen3.8-27b-mtp,llama-cpp-mtp,4096,pp,client,231.391,0.251,231.336,20
qwen3.8-27b-mtp,llama-cpp-mtp,8192,pp,client,229.213,0.188,229.219,20
qwen3.8-27b-mtp,llamafile-mtp,1024,pp,client,218.354,0.880,218.306,20
qwen3.8-27b-mtp,llamafile-mtp,2048,pp,client,227.630,0.309,227.627,20
qwen3.8-27b-mtp,llamafile-mtp,4096,pp,client,231.007,0.095,230.996,20
qwen3.8-27b-mtp,llamafile-mtp,8192,pp,client,228.859,0.134,228.855,20
qwen3.8-27b-mtp,lm-studio,1024,pp,client,220.834,2.474,221.819,20
qwen3.8-27b-mtp,lm-studio,2048,pp,client,228.992,1.541,229.289,20
qwen3.8-27b-mtp,lm-studio,4096,pp,client,231.400,0.750,231.595,20
qwen3.8-27b-mtp,lm-studio,8192,pp,client,228.900,0.440,229.034,20
qwen3.8-27b-mtp,ollama-mtp,1024,pp,client,225.986,0.251,226.019,20
qwen3.8-27b-mtp,ollama-mtp,2048,pp,client,233.488,0.214,233.517,20
qwen3.8-27b-mtp,ollama-mtp,4096,pp,client,235.622,0.167,235.612,20
qwen3.8-27b-mtp,ollama-mtp,8192,pp,client,232.833,0.161,232.841,20
qwen3.8-27b-mtp,llama-cpp-mtp,1024,tg,client,24.005,1.754,23.903,10
qwen3.8-27b-mtp,llama-cpp-mtp,2048,tg,client,22.930,2.155,22.944,10
qwen3.8-27b-mtp,llama-cpp-mtp,4096,tg,client,23.794,2.055,24.125,10
qwen3.8-27b-mtp,llama-cpp-mtp,8192,tg,client,24.681,1.689,25.142,10
qwen3.8-27b-mtp,llamafile-mtp,1024,tg,client,25.419,1.956,25.501,10
qwen3.8-27b-mtp,llamafile-mtp,2048,tg,client,24.014,2.093,24.276,10
qwen3.8-27b-mtp,llamafile-mtp,4096,tg,client,22.894,2.256,23.110,10
qwen3.8-27b-mtp,llamafile-mtp,8192,tg,client,22.873,2.209,23.255,10
qwen3.8-27b-mtp,lm-studio,1024,tg,server,23.679,2.139,23.795,10
qwen3.8-27b-mtp,lm-studio,2048,tg,server,23.451,2.519,22.515,10
qwen3.8-27b-mtp,lm-studio,4096,tg,server,22.970,1.886,22.790,10
qwen3.8-27b-mtp,lm-studio,8192,tg,server,23.063,2.043,22.950,10
qwen3.8-27b-mtp,ollama-mtp,1024,tg,client,23.689,0.783,23.872,10
qwen3.8-27b-mtp,ollama-mtp,2048,tg,client,24.013,1.311,23.879,10
qwen3.8-27b-mtp,ollama-mtp,4096,tg,client,23.845,1.661,23.956,10
qwen3.8-27b-mtp,ollama-mtp,8192,tg,client,23.758,1.849,23.691,10
